source_id,term,candidate_count,category,human_selected_index,v7_selected_index,finetuned_selected_index,finetuned_valid,finetuned_error,human_selected_sentence,v7_selected_sentence,finetuned_selected_sentence
6467,Reflux in Infants,58,both_correct,0,0,0,True,,"Gastroesophageal reflux (GER), often called reflux or spitting up, happens when food or milk comes back up from your baby's stomach into the esophagus.","Gastroesophageal reflux (GER), often called reflux or spitting up, happens when food or milk comes back up from your baby's stomach into the esophagus.","Gastroesophageal reflux (GER), often called reflux or spitting up, happens when food or milk comes back up from your baby's stomach into the esophagus."
5624,Chronic Myeloid Leukemia,59,finetuned_improved,9,7,9,True,,"In CML, the bone marrow makes abnormal granulocytes (a type of white blood cell).",Chronic myeloid leukemia (CML) is a type of chronic leukemia.,"In CML, the bone marrow makes abnormal granulocytes (a type of white blood cell)."
6807,How to Lower Cholesterol with Diet,56,finetuned_improved,12,14,12,True,,"The lifestyle changes include healthy eating, weight management, and regular physical activity.",Heart-healthy lifestyle changes include a diet to lower your cholesterol.,"The lifestyle changes include healthy eating, weight management, and regular physical activity."
6452,Heart Health Tests,63,both_correct,3,3,3,True,,Blood tests and heart health tests can help find heart diseases or identify problems that can lead to heart diseases.,Blood tests and heart health tests can help find heart diseases or identify problems that can lead to heart diseases.,Blood tests and heart health tests can help find heart diseases or identify problems that can lead to heart diseases.
4117,Personality Disorders,51,both_wrong,4,3,2,True,,The thoughts and behaviors are unhealthy and inflexible.,They involve long-term patterns of thoughts and behaviors that are different from what is considered normal in your culture.,Personality disorders are a group of mental disorders .
6681,Guide to Good Posture,35,finetuned_regressed,2,2,3,True,,"Making sure that you hold your body the right way, whether you are moving or still, can prevent pain, injuries, and other health problems.","Making sure that you hold your body the right way, whether you are moving or still, can prevent pain, injuries, and other health problems.",Posture is how you hold your body.
424,Suicide,32,finetuned_regressed,1,1,0,True,,It is a death that happens when someone harms themselves because they want to end their life.,It is a death that happens when someone harms themselves because they want to end their life.,Suicide is the taking of one's own life.
5914,Stroke Rehabilitation,47,both_correct,4,4,4,True,,Stroke rehabilitation can help you relearn skills you lost because of the damage.,Stroke rehabilitation can help you relearn skills you lost because of the damage.,Stroke rehabilitation can help you relearn skills you lost because of the damage.
27,COPD,57,both_wrong,5,0,0,True,,"If you have COPD, less air flows in and out of your airways because of one or more problems: The airways and air sacs in your lungs become less elastic The walls between many of the air sacs are destroyed The walls of the airways become thick and inflamed The airways make more mucus than usual and can become clogged What are the types of COPD (chronic obstructive pulmonary disease)?",COPD (chronic obstructive pulmonary disease) is a group of lung diseases that make it hard to breathe and get worse over time.,COPD (chronic obstructive pulmonary disease) is a group of lung diseases that make it hard to breathe and get worse over time.
3894,Understanding Medical Research,33,finetuned_regressed,3,3,,False,"invalid selected_index in model output: None (raw content: '{\n    ""input_1"": ""Almost every day, new findings from medical research are published in scientific journals."",\n    ""input_2"": ""These journal articles often become sources for news stories."",\n    ""input_3"": ""They can be important tools in helping you manage your health."",\n    ""input_4"": ""But it\'s not always easy to understand them and know what they mean for your life."",\n    ""input_5"": ""For example: What you hear about a study may not explain how it fits into the bigger picture."",\n    ""input_6"": ""Sometimes the results of one study seem to disagree with the results of another study."",\n    ""input_7"": ""That could be because the studies could have different designs and asked different questions."",\n    ""input_8"": ""The news stories don\'t always explain this."",\n    ""input_9"": ""Sometimes the studies are very small, and researchers need to do more studies to confirm the results."",\n    ""input_10"": ""But the news stories about these small studies may not highlight this."",\n    ""input_11"": ""So it\'s important to think carefully when reading or listening to reports of new medical findings."",\n    ""input_12"": ""Here are some questions that can help you evaluate that information : Was the study in animals or humans?"",\n    ""input_13"": ""Getting certain results in animals may not mean that you get those same results in humans."",\n    ""input_14"": ""Were the people in the study similar to you in ways that may matter, such as age, race, or sex?"",\n    ""input_15"": ""How big was the study?"",\n    ""input_16"": ""Larger studies may get more reliable results than smaller studies."",\n    ""input_17"": ""How long did the study last?"",\n    ""input_18"": ""For example, studies testing medicines need to be long enough to show long-term benefits or risks."",\n    ""input_19"": ""What kind of study was it?"",\n    ""input_20"": ""Clinical trials , especially randomized controlled trials, give the clearest information about whether a treatment is effective and safe in humans."",\n    ""input_21"": ""In randomized controlled trials, the people in the study are randomly divided into separate groups that get different treatments."",\n    ""input_22"": ""This helps prevent bias in the results."",\n    ""input_23"": ""Where was the research done?"",\n    ""input_24"": ""If a new treatment was being tested, what were the side effects?"",\n    ""input_25"": ""How common were they?"",\n    ""input_26"": ""How do the results from the study compare with previous studies?"",\n    ""input_27"": ""If the new study had different results, then more studies would be needed to confirm these results."",\n    ""input_28"": ""Who paid for the research?"",\n    ""input_29"": ""Sometimes the people paying for the research could profit financially if the study gets certain results."",\n    ""input_30"": ""Do they have a certain bias?"",\n    ""input_31"": ""It can be helpful to stay informed about new medical findings."",\n    ""input_32"": ""But it\'s good to have some skepticism.""\n}')",But it's not always easy to understand them and know what they mean for your life.,But it's not always easy to understand them and know what they mean for your life.,
1694,Spinal Muscular Atrophy,53,both_correct,0,0,0,True,,Spinal muscular atrophy (SMA) is a group of genetic diseases that damages and kills motor neurons.,Spinal muscular atrophy (SMA) is a group of genetic diseases that damages and kills motor neurons.,Spinal muscular atrophy (SMA) is a group of genetic diseases that damages and kills motor neurons.
294,Vaccines,46,both_correct,0,0,0,True,,"Vaccines are injections (shots), liquids, pills, or nasal sprays that you take to teach your body's immune system to recognize and defend against harmful germs.","Vaccines are injections (shots), liquids, pills, or nasal sprays that you take to teach your body's immune system to recognize and defend against harmful germs.","Vaccines are injections (shots), liquids, pills, or nasal sprays that you take to teach your body's immune system to recognize and defend against harmful germs."
601,Panic Disorder,32,finetuned_regressed,1,1,24,True,,"It causes repeated panic attacks, which are sudden periods of intense fear, discomfort, or a sense of losing control.","It causes repeated panic attacks, which are sudden periods of intense fear, discomfort, or a sense of losing control.","People with panic disorder may have: Sudden and repeated panic attacks of overwhelming anxiety and fear A feeling of being out of control or a fear of death during a panic attack An intense worry about another panic attack A fear or avoidance of places and situations where they had panic attacks in the past Physical symptoms during a panic attack, such as: Pounding or racing heart Sweating or chills Trembling or shaking Trouble breathing The feeling that they are choking Weakness or dizziness Chest pain Stomach pain or nausea Panic attacks can happen anytime, without warning."
160,Birth Control,64,both_correct,0,0,0,True,,"Birth control, also known as contraception, is the use of medicines, devices, or surgery to prevent pregnancy.","Birth control, also known as contraception, is the use of medicines, devices, or surgery to prevent pregnancy.","Birth control, also known as contraception, is the use of medicines, devices, or surgery to prevent pregnancy."
1438,Childhood Leukemia,38,both_wrong,5,10,0,True,,These abnormal cells build up in your bone marrow and blood.,"Most childhood leukemias are acute: Acute lymphocytic leukemia (ALL) , which is the most common type of leukemia in children and the most common cancer in children .",Leukemia is a term for cancers of the blood cells.
6907,High Cholesterol in Children and Teens,38,both_correct,3,3,3,True,,"But if your child or teen has high cholesterol (too much cholesterol in the blood), it can stick to the walls of their arteries and narrow or even block the arteries.","But if your child or teen has high cholesterol (too much cholesterol in the blood), it can stick to the walls of their arteries and narrow or even block the arteries.","But if your child or teen has high cholesterol (too much cholesterol in the blood), it can stick to the walls of their arteries and narrow or even block the arteries."
6967,Eosinophilic Esophagitis,54,both_correct,2,2,2,True,,"If you have EoE, white blood cells called eosinophils build up in your esophagus.","If you have EoE, white blood cells called eosinophils build up in your esophagus.","If you have EoE, white blood cells called eosinophils build up in your esophagus."
1508,High Blood Pressure in Pregnancy,59,finetuned_regressed,4,4,2,True,,"During pregnancy, high blood pressure can cause problems for you and your baby.","During pregnancy, high blood pressure can cause problems for you and your baby.","High blood pressure , or hypertension, is blood pressure that is higher than normal."
1263,Mammography,34,finetuned_regressed,1,1,0,True,,Health care providers use mammograms to look for early signs of breast cancer that can't be felt during a breast exam.,Health care providers use mammograms to look for early signs of breast cancer that can't be felt during a breast exam.,A mammogram is an x-ray picture of the breast.
4119,Heart Surgery,53,both_correct,0,0,0,True,,Heart surgery can correct certain heart problems when other treatments haven't worked or can't be used.,Heart surgery can correct certain heart problems when other treatments haven't worked or can't be used.,Heart surgery can correct certain heart problems when other treatments haven't worked or can't be used.
108,Smoking,47,both_wrong,1,2,2,True,,"It harms nearly every organ of the body, even some that you would not expect.",Cigarette smoking causes many cancers and other health problems.,Cigarette smoking causes many cancers and other health problems.
3924,Knee Replacement,49,both_wrong,3,0,0,True,,The goal of a knee replacement is to relieve pain and help you move better.,"Knee replacement surgery is a surgery to replace parts of your knee joint with new, artificial parts.","Knee replacement surgery is a surgery to replace parts of your knee joint with new, artificial parts."
1,HIV,58,both_correct,1,1,1,True,,HIV harms your immune system by destroying a type of white blood cell that helps your body fight infection.,HIV harms your immune system by destroying a type of white blood cell that helps your body fight infection.,HIV harms your immune system by destroying a type of white blood cell that helps your body fight infection.
3623,Emphysema,59,both_wrong,0,4,4,True,,Emphysema is a type of COPD (chronic obstructive pulmonary disease).,Emphysema affects the air sacs in your lungs.,Emphysema affects the air sacs in your lungs.
4921,Kawasaki Disease,36,both_wrong,4,2,0,True,,Kawasaki disease happens when the immune system injures the blood vessels by mistake.,"It is a type of vasculitis , which is inflammation of the blood vessels.",Kawasaki disease is a rare illness that usually affects small children.
381,Raynaud Phenomenon,57,both_wrong,1,0,0,True,,"It causes your blood vessels to narrow, which decreases blood flow.",Raynaud phenomenon is a condition that affects your blood vessels (the tubes that your blood flows through).,Raynaud phenomenon is a condition that affects your blood vessels (the tubes that your blood flows through).
5562,Delirium,44,both_correct,0,0,0,True,,"Delirium is a mental state in which you are confused, disoriented, and not able to think or remember clearly.","Delirium is a mental state in which you are confused, disoriented, and not able to think or remember clearly.","Delirium is a mental state in which you are confused, disoriented, and not able to think or remember clearly."
7129,Opioid Use Disorder (OUD) Treatment,51,both_correct,8,8,8,True,,Opioid use disorder (OUD) means that you have a problematic pattern of using opioids.,Opioid use disorder (OUD) means that you have a problematic pattern of using opioids.,Opioid use disorder (OUD) means that you have a problematic pattern of using opioids.
299,Flu,38,both_correct,0,0,0,True,,"The flu, also called influenza, is a respiratory infection caused by viruses.","The flu, also called influenza, is a respiratory infection caused by viruses.","The flu, also called influenza, is a respiratory infection caused by viruses."
111,Cervical Cancer,53,both_correct,0,0,0,True,,Cervical cancer is cancer that starts in the cells of the cervix.,Cervical cancer is cancer that starts in the cells of the cervix.,Cervical cancer is cancer that starts in the cells of the cervix.
1286,Hepatitis C,52,both_wrong,0,4,4,True,,Hepatitis is inflammation of the liver.,"One type, hepatitis C, is caused by the hepatitis C virus (HCV).","One type, hepatitis C, is caused by the hepatitis C virus (HCV)."
4157,Inhalants,34,both_correct,0,0,0,True,,Inhalants are substances that people inhale (breathe in) to get high.,Inhalants are substances that people inhale (breathe in) to get high.,Inhalants are substances that people inhale (breathe in) to get high.
379,Radiation Exposure,48,finetuned_regressed,11,11,13,True,,But too much radiation can damage tissues by changing cell structure and damaging DNA.,But too much radiation can damage tissues by changing cell structure and damaging DNA.,"The amount of damage that exposure to radiation can cause depends on several factors, including: The type of radiation The dose (amount) of radiation How you were exposed, such as through skin contact, swallowing or breathing it in, or having rays pass through your body Where the radiation concentrates in the body and how long it stays there How sensitive your body is to radiation."
271,Traumatic Brain Injury,45,both_correct,0,0,0,True,,Traumatic brain injury (TBI) is a sudden injury that causes damage to the brain.,Traumatic brain injury (TBI) is a sudden injury that causes damage to the brain.,Traumatic brain injury (TBI) is a sudden injury that causes damage to the brain.
4916,Colonoscopy,71,both_correct,0,0,0,True,,Colonoscopy and flexible sigmoidoscopy are procedures that let your doctor look inside your rectum and colon (large intestine).,Colonoscopy and flexible sigmoidoscopy are procedures that let your doctor look inside your rectum and colon (large intestine).,Colonoscopy and flexible sigmoidoscopy are procedures that let your doctor look inside your rectum and colon (large intestine).
165,Vision Impairment and Blindness,30,finetuned_regressed,1,1,3,True,,"It includes blindness, which means that you have lost all or most of your sight.","It includes blindness, which means that you have lost all or most of your sight.","You may have trouble reading, shopping, cooking, writing, and watching TV."
3157,Migraine,51,both_wrong,1,0,2,True,,They cause moderate to severe pain that is throbbing or pulsing.,Migraines are a recurring type of headache.,The pain is often on one side of your head.
217,Down Syndrome,41,finetuned_regressed,0,0,6,True,,Down syndrome is a condition in which a person has an extra chromosome or an extra piece of a chromosome.,Down syndrome is a condition in which a person has an extra chromosome or an extra piece of a chromosome.,People with Down syndrome have an extra copy of chromosome 21.
7347,HIV: PrEP and PEP,45,both_correct,0,0,0,True,,PrEP and PEP are medicines to prevent HIV .,PrEP and PEP are medicines to prevent HIV .,PrEP and PEP are medicines to prevent HIV .
5901,Rh Incompatibility,29,both_wrong,4,10,10,True,,"If your blood cells have this protein, you are Rh-positive.","If you are pregnant and are Rh-negative and your fetus is Rh-positive, it's called Rh incompatibility.","If you are pregnant and are Rh-negative and your fetus is Rh-positive, it's called Rh incompatibility."
3176,Evaluating Health Information,66,both_wrong,65,5,5,True,,"After you evaluate health information, talk with your provider before using it to make decisions that may affect your health.",That's why it's important to evaluate health information for yourself.,That's why it's important to evaluate health information for yourself.
6125,Hyperglycemia,45,both_correct,8,8,8,True,,Hyperglycemia means high blood glucose.,Hyperglycemia means high blood glucose.,Hyperglycemia means high blood glucose.
120,Alcohol Use Disorder (AUD),39,both_wrong,2,6,6,True,,Alcohol misuse means that drinking causes distress and harm.,AUD is a disease that causes: Craving - a strong need to drink Loss of control - not being able to stop drinking once you've started Negative emotional state - feeling anxious and irritable when you are not drinking What is binge drinking?,AUD is a disease that causes: Craving - a strong need to drink Loss of control - not being able to stop drinking once you've started Negative emotional state - feeling anxious and irritable when you are not drinking What is binge drinking?
4959,Drugs and Young People,40,finetuned_regressed,8,8,,False,"invalid selected_index in model output: None (raw content: '{\n    ""All candidates""\n    \t\t:\n    \t""0. Drug use , or misuse, includes: Using illegal substances, such as Anabolic steroids Club drugs Cocaine Heroin Inhalants Marijuana Methamphetamines Misusing prescription medicines , including opioids . ""\n    ,\n    \t""1. This means taking the medicines in a different way than the health care provider prescribed.""\n    \t\t:\n    \t""Does not stand alone (requires context of what \'this\' means). ""\n    ,\n    \t""2. This includes Taking a medicine that was prescribed for someone else Taking a larger dose than you are supposed to Using the medicine in a different way than you are supposed to.""\n   \t\t:\n    \t""Does not stand alone (requires context of what \'this\' includes). ""\n    ,\n    \t""3. For example, instead of swallowing your tablets, you might crush and then snort or inject them.""\n   \t\t:\n   \t""Does not stand alone (requires context of example and what it refers to). ""\n    ,\n    \t""4. Using the medicine for another purpose, such as getting high Misusing over-the-counter medicines , including using them for another purpose and using them in a different way than you are supposed to.""\n   \t\t:\n   \t""Fragment (looks like a list item). Does not stand alone.""\n    ,\n    \t""5. Why are drugs especially dangerous for young people? ""\n   \t\t:\n   \t""Question (Rule 3: question introduces topic but doesn\'t explain it).""\n    ,\n    \t""6. Young people\'s brains are growing and developing until they are their mid-20\'s.""\n   \t\t:\n   \t""Stands alone, but explains \'brains\', not the interaction of drugs and young people directly. Rule 3: needs to explain the term \'Drugs and Young People\', ""\n    ,\n    \t""7. This is especially true of the prefrontal cortex, which is used to make decisions.""\n   \t\t:\n   \t""Does not stand alone.""\n    \t,\n    \t""8. Taking drugs when young can interfere with developmental processes occurring in the brain.""\n   \t\t:\n   \t""Stands alone. Rule 2: Explains the mechanism of what \'drugs and young people\' implies. Rule 3: Explains what happens. It gives the core concept.""\n    ,\n    \t""9. It can also affect their decision-making.""\n   \t\t:\n   \t""Does not stand alone.""\n    \t,\n    \t""10. They may be more likely to do risky things, such as unsafe sex and dangerous driving.""\n   \t\t:\n   \t""Does not stand alone (\'They\' refers to young people? Context needed). Results in a consequence, but needs \'what\' leading to this.""\n    \t,\n    \t""11. The earlier young people start using drugs, the greater their chances of continuing to use them and become addicted later in life.Taking drugs when you are young can contribute to the development of adult health problems, such as heart disease , high blood pressure , and sleep disorders .""\n   \t\t:\n   \t""Two sentences. Not appropriate as it has 2 distinct ideas. Usually one is 37 or 38 in original document, which I must cite. If original has one as 11, I assume it\'s a typo in list provided. Wait, check original source format. In my knowledge, this MedlinePlus article usually splits \'chances of continuing\' and \'health problems\' into separate points. The list provided here has them concatenated without a space or punctuation between the two ideas. It looks like one index 11 has two sentences combined. Let me re-read the instruction. I must select ONE index. The candidate at 11 looks like \'...later in life.Taking ... problems , such as ...\' There is no space. This looks like a formatting error in the input list or a single index with a run-on that is semantically two separate statements. I should check if I can select 11 as an explanation. If I select 11, does it stand alone as \'Taking drugs when you are young can interfere with...\' vs \'Taking drugs when young can contribute to...\'. Wait, sentence 8 says \'interfere with developmental processes\'. Sentence 11 says \'contributing to... adult health problems\'. Both are good, but 8 is more direct about \'why drugs are dangerous for young people\' in terms of development. 11 is also good. 11 includes two complete thoughts. The instruction says \'never... combine sentences\'. So 11 is already a single index in the input list. I must use the text exactly as given. So I can select 11. ""\n    ,\n    \t""12. Which drugs most commonly used by young people? ""\n   \t\t:\n   \t""Question.""\n    ,\n    \t""13. The drugs that are most commonly used by young people are alcohol , tobacco , and marijuana.""\n   \t\t:\n   \t""Stands alone. Rule 2: answers \'what drugs\', not \'why drugs and young people\' is important.""\n    \t,\n    \t""14. Recently, more young people have started vaping tobacco and marijuana.""\n   \t\t:\n   \t""Too specific.""\n    \t,\n    \t""15. There is still a lot we don\'t know about the dangers of vaping.""\n   \t\t:\n   \t""Specific to vaping.""\n    \t,\n    \t""16. Some people have unexpectedly gotten very ill or have even died after vaping.""\n   \t\t:\n   \t""Specific to vaping.""\n    \t,\n    \t""17. Because of this, young people should stay away from vaping.""\n   \t\t:\n   \t""Does not stand alone.""\n    ,\n    \t""18. Why do young people take drugs? ""\n   \t\t:\n   \t""Question.""\n    \t,\n    \t""19. There are many different reasons why a young person may take drugs, including: To fit in.""\n   \t\t:\n   \t""Fragment/Incomplete list.""\n    \t,\n    \t""20. Young people may do drugs because they want to be accepted by friends or peers who are doing drugs.""\n   \t\t:\n   \t""Specific reason.""\n    \t,\n    \t""21. To feel good.""\n   \t\t:\n   \t""Fragment.""\n    \t,\n    \t""22. Abused drugs can produce feelings of pleasure.""\n   \t\t:\n   \t""Too generic.""\n    \t,\n    \t""23. To feel better.""\n   \t\t:\n   \t""Fragment.""\n    \t,\n    \t""24. Some young people suffer from depression , anxiety , stress -related disorders, and physical pain.""\n   \t\t:\n   \t""Reason.""\n    \t,\n    \t""25. They may do drugs to try to get some relief.""\n   \t\t:\n   \t""Fragment.""\n    \t,\n    \t""26. To do better in academics or sports.""\n   \t\t:\n   \t""Fragment.""\n    \t,\n    \t""27. Some young people may take stimulants for studying or anabolic steroids to improve their athletic performance.""\n   \t\t:\n   \t""Specific reasons.""\n    \t,\n    \t""28. To experiment.""\n   \t\t:\n   \t""Fragment.""\n    \t,\n    \t""29. Young people often want to try new experiences, especially ones that they think are thrilling or daring.""\n   \t\t:\n   \t""Reason.""\n    \t,\n    \t""30. Which young people are at risk for drug use? ""\n   \t\t:\n   \t""Question.""\n    \t,\n    \t""31. Different factors may raise a young person\'s risk for drug use, including: Stressful early life experiences, such child abuse , child sexual abuse , and other forms of trauma Genetics Prenatal exposure to alcohol or other drugs Lack of parental supervision or monitoring Having peers and/or friends who use drugs What are the signs that a young person has a drug problem? ""\n   \t\t:\n   \t""Two questions at the end. Does not stand well.""\n    \t,\n    \t""32. Changing friends a lot Spending a lot of time alone Losing interest in favorite things Not taking care of themselves - for example, not taking showers, changing clothes, or brushing their teeth Being really tired and sad Eating more or eating less than usual Being very energetic, talking fast, or saying things that don\'t make sense Being in a bad mood Quickly changing between feeling bad and feeling good Missing important appointments Having problems at school - missing class, getting bad grades Having problems in personal or family relationships Lying and stealing Memory lapses, poor concentration, lack of coordination, slurred speech, etc.""\n   \t\t:\n   \t""List of signs.""\n    \t,\n    \t""33. Can drug use in young people be prevented? ""\n   \t\t:\n   \t""Question.""\n    \t,\n    \t""34. Drug use and addiction are preventable.""\n   \t\t:\n   \t""Statement.""\n    \t,\n    \t""35. Prevention programs involving families, schools, communities, and the media may prevent or reduce drug use and addiction.""\n   \t\t:\n   \t""Prevention programs.""\n    \t,\n    \t""36. These programs include education and outreach to help people understand the risks of drug use.""\n   \t\t:\n   \t""Fragment.""\n    \t,\n    \t""37. You can help prevent your children from using drugs through: Good communication with your children Encouragement, so your children can build confidence and a strong sense of self.""\n   \t\t:\n   \t""Advice.""\n    \t,\n    \t""38. It also helps parents promote cooperation and reduce conflict.""\n   \t\t:\n   \t""Fragment.""\n    \t,\n    \t""39. Teaching your children problem-solving skills Setting limits, to teach your children self-control and responsibility, provide safe boundaries, and show them that you care Supervision, which helps parents recognize developing problems, promote safety, and stay involved Knowing your children\'s friends""\n   \t\t:\n   \t""Advice.""\n}')",Taking drugs when young can interfere with developmental processes occurring in the brain.,Taking drugs when young can interfere with developmental processes occurring in the brain.,
5632,Histoplasmosis,22,both_correct,0,0,0,True,,Histoplasmosis is an infection caused by a fungus called Histoplasma .,Histoplasmosis is an infection caused by a fungus called Histoplasma .,Histoplasmosis is an infection caused by a fungus called Histoplasma .
1502,Living with HIV,36,finetuned_regressed,7,7,1,True,,"The medicines allow people with HIV to have long, healthy lives.","The medicines allow people with HIV to have long, healthy lives.",It harms your immune system by destroying a type of white blood cell that helps your body fight infection.
6469,Healthy Sleep,57,both_correct,1,1,1,True,,"Sleep is a natural process that helps your body restore energy, supports learning and memory, and keeps you healthy.","Sleep is a natural process that helps your body restore energy, supports learning and memory, and keeps you healthy.","Sleep is a natural process that helps your body restore energy, supports learning and memory, and keeps you healthy."
7607,"Cleaning, Disinfecting, and Sanitizing",40,finetuned_regressed,12,12,32,True,,So it's also important to regularly clean and disinfect surfaces and objects.,So it's also important to regularly clean and disinfect surfaces and objects.,"To prevent the spread of infection, you should regularly clean and disinfect surfaces and objects that are touched often."
6785,"HDL: The ""Good"" Cholesterol",44,finetuned_regressed,7,7,,False,"invalid selected_index in model output: None (raw content: '{\n    ""term"": ""HDL: The \'Good\' Cholesterol"",\n    ""goal"": ""Select ONE sentence from the provided list to explain the term HDL / The \'Good\' Cholesterol clearly and meaningfully on its own."",\n    ""constraints"": ""Must be an exact sentence from the list. Must work alone. Must explain the term, not just be related advice. Must feel standalone."",\n    ""candidate_review"":\n    -0.1\n     \t}')","It is sometimes called the ""good"" cholesterol because it carries cholesterol from other parts of your body back to your liver.","It is sometimes called the ""good"" cholesterol because it carries cholesterol from other parts of your body back to your liver.",
1443,Radon,39,both_correct,0,0,0,True,,Radon is a naturally occurring radioactive gas.,Radon is a naturally occurring radioactive gas.,Radon is a naturally occurring radioactive gas.
